app_data_contract_version,recommendation_team,app_display_rank_for_team,display_sort_tier,optimizer_candidate_id,player_exchange_key,display_tier,display_tier_description,team_headline,team_subheadline,outgoing_players,incoming_players,counterpart_team,team_attaches_pick,team_receives_pick,right_display_name,pick_round_type,team_strategy_archetype_label,model_team_strategy_archetype,model_team_strategy_priority,model_pick_preference,top_need_1,top_need_2,top_need_3,team_strategy_score_display,counterpart_strategy_score_display,bilateral_floor_score_display,bilateral_mean_score_display,team_trade_fit_score_display,asset_utility_score_display,expected_utility_score_display,downside_utility_score_display,team_fit_summary,confidence_note,optimizer_trade_display,quality_gate_class,full_cba_status,optimizer_package_final_legal,score_scope_label,legality_label,availability_disclaimer
mixed_trade_app_v1,BKN,1,0,MIXED_bb00ac90748b54a988cb,BKN:Danny Wolf||PHI:Dominick Barlow,Model-backed trade concept,"Clears the stricter bilateral balance, utility, contribution, downside, and pick-risk standards.",BKN receives Dominick Barlow from PHI plus a draft asset,Sends Danny Wolf to PHI. Receives a second-round asset.,Danny Wolf,Dominick Barlow,PHI,False,True,PHI beneficiary transferred for 2029_R2_PHI,second_round,Development rebuild,development_rebuild,prioritize young controlled players and incoming draft value; avoid veteran-only upgrades,receive_future_assets,Shooting,Scoring,Playmaking,60.8,63.5,60.8,62.2,48.3,53.9,43.8,27.2,Strengths: receives a second round asset. Structure: keeps player count neutral. Cautions: weakens downside protection; has only a marginal roster-fit score.,"Clears the production bilateral score, balance, asset, contribution, downside, and pick-risk standards.",BKN sends Danny Wolf to PHI; PHI sends Dominick Barlow + PHI beneficiary transferred for 2029_R2_PHI to BKN,routine_recommendation_review,final_legal_full_cba_deterministic,True,Team-specific strategy score,Deterministic legal under modeled package checks,"This is a model-generated concept, not evidence that either team or player is available."
mixed_trade_app_v1,BOS,1,1,MIXED_18b92c4fc50f5322f9a9,BOS:Hugo González||PHI:Dominick Barlow,Exploratory strategy shortlist,Passes the balanced shortlist screen but remains below the stricter production confidence threshold.,BOS receives Dominick Barlow from PHI plus a draft asset,Sends Hugo González to PHI. Receives a second-round asset.,Hugo González,Dominick Barlow,PHI,False,True,PHI beneficiary transferred for 2029_R2_PHI,second_round,Flexible retool,flexible_retool,"favor balanced value, roster fit, and future flexibility without forcing a win-now or teardown objective",balanced_flexibility,Scoring,Playmaking,Shooting,63.2,56.1,56.1,59.6,49.7,56.5,64.8,44.1,Strengths: receives a second round asset; improves projected contribution. Structure: keeps player count neutral. Cautions: gets meaningfully older; has only a marginal roster-fit score.,Clears the balanced shortlist standards but remains below the production bilateral-confidence threshold.,BOS sends Hugo González to PHI; PHI sends Dominick Barlow + PHI beneficiary transferred for 2029_R2_PHI to BOS,routine_recommendation_review,final_legal_full_cba_deterministic,True,Team-specific strategy score,Deterministic legal under modeled package checks,"This is a model-generated concept, not evidence that either team or player is available."
mixed_trade_app_v1,DAL,1,1,MIXED_11960fb0ad3c4ab580b1,DAL:P.J. Washington||DEN:Cameron Johnson,Exploratory strategy shortlist,Passes the balanced shortlist screen but remains below the stricter production confidence threshold.,DAL receives Cameron Johnson from DEN plus a draft asset,Sends P.J. Washington to DEN. Receives a second-round asset.,P.J. Washington,Cameron Johnson,DEN,False,True,DEN beneficiary transferred for 2028_R2_MIN,second_round,Development rebuild,development_rebuild,prioritize young controlled players and incoming draft value; avoid veteran-only upgrades,receive_future_assets,Scoring,Shooting,Playmaking,56.6,67.5,56.6,62.0,59.4,41.7,35.1,23.1,Strengths: receives a second round asset; grades as a strong roster fit. Structure: keeps player count neutral. Cautions: reduces projected contribution; weakens downside protection; gets meaningfully older.,Clears the balanced shortlist standards but remains below the production bilateral-confidence threshold.,DAL sends P.J. Washington to DEN; DEN sends Cameron Johnson + DEN beneficiary transferred for 2028_R2_MIN to DAL,routine_recommendation_review,final_legal_full_cba_deterministic,True,Team-specific strategy score,Deterministic legal under modeled package checks,"This is a model-generated concept, not evidence that either team or player is available."
mixed_trade_app_v1,DEN,1,1,MIXED_11960fb0ad3c4ab580b1,DAL:P.J. Washington||DEN:Cameron Johnson,Exploratory strategy shortlist,Passes the balanced shortlist screen but remains below the stricter production confidence threshold.,DEN receives P.J. Washington from DAL,Sends Cameron Johnson to DAL. Attaches a second-round asset.,Cameron Johnson,P.J. Washington,DAL,True,False,DEN beneficiary transferred for 2028_R2_MIN,second_round,Competitive builder,competitive_builder,balance present upgrades with contract control and avoid unnecessary first-round-pick expenditure,balanced_preserve_firsts,Defense,Rebounding,Playmaking,67.5,56.6,56.6,62.0,59.4,59.1,67.5,86.9,Strengths: improves projected contribution; improves downside protection; gets meaningfully younger; grades as a strong roster fit. Structure: keeps player count neutral. Cautions: attaches a second round asset.,Clears the balanced shortlist standards but remains below the production bilateral-confidence threshold.,DAL sends P.J. Washington to DEN; DEN sends Cameron Johnson + DEN beneficiary transferred for 2028_R2_MIN to DAL,routine_recommendation_review,final_legal_full_cba_deterministic,True,Team-specific strategy score,Deterministic legal under modeled package checks,"This is a model-generated concept, not evidence that either team or player is available."
mixed_trade_app_v1,DET,1,1,MIXED_b2366dbdb9e23f2083ca,DET:Daniss Jenkins||UTA:Isaiah Collier,Exploratory strategy shortlist,Passes the balanced shortlist screen but remains below the stricter production confidence threshold.,DET receives Isaiah Collier from UTA,Sends Daniss Jenkins to UTA. Attaches a second-round asset.,Daniss Jenkins,Isaiah Collier,UTA,True,False,DET beneficiary transferred for 2027_R2_DET,second_round,Win-now contender,win_now_contender,prioritize immediate rotation upgrades and consolidation; future picks may be attached only for clear present-value improvement,player_upgrade_over_pick_accumulation,Rebounding,Playmaking,Scoring,64.4,60.0,60.0,62.2,49.1,40.6,59.7,83.9,Strengths: improves projected contribution; improves downside protection; gets meaningfully younger. Structure: keeps player count neutral. Cautions: attaches a second round asset; has only a marginal roster-fit score.,Clears the balanced shortlist standards but remains below the production bilateral-confidence threshold.,DET sends Daniss Jenkins + DET beneficiary transferred for 2027_R2_DET to UTA; UTA sends Isaiah Collier to DET,routine_plus_minor_assets_review,final_legal_full_cba_deterministic,True,Team-specific strategy score,Deterministic legal under modeled package checks,"This is a model-generated concept, not evidence that either team or player is available."
mixed_trade_app_v1,MIA,1,1,MIXED_5606286a68896609c176,MIA:Nikola Jović||OKC:Alex Caruso,Exploratory strategy shortlist,Passes the balanced shortlist screen but remains below the stricter production confidence threshold.,MIA receives Alex Caruso from OKC plus a draft asset,Sends Nikola Jović to OKC. Receives a second-round asset.,Nikola Jović,Alex Caruso,OKC,False,True,OKC 2029 second-round component right across 2 source assets,second_round,Development rebuild,development_rebuild,prioritize young controlled players and incoming draft value; avoid veteran-only upgrades,receive_future_assets,Defense,Shooting,Scoring,61.9,56.4,56.4,59.2,48.2,54.5,46.6,75.8,Strengths: receives a second round asset; improves downside protection. Structure: keeps player count neutral. Cautions: gets meaningfully older; has only a marginal roster-fit score.,Clears the balanced shortlist standards but remains below the production bilateral-confidence threshold.,MIA sends Nikola Jović to OKC; OKC sends Alex Caruso + OKC 2029 second-round component right across 2 source assets to MIA,routine_recommendation_review,final_legal_full_cba_deterministic,True,Team-specific strategy score,Deterministic legal under modeled package checks,"This is a model-generated concept, not evidence that either team or player is available."
mixed_trade_app_v1,MIA,2,1,MIXED_f7e88f2677d774a537ae,MIA:Dru Smith||MIL:Kasparas Jakučionis,Exploratory strategy shortlist,Passes the balanced shortlist screen but remains below the stricter production confidence threshold.,MIA receives Kasparas Jakučionis from MIL,Sends Dru Smith to MIL. Attaches a second-round asset.,Dru Smith,Kasparas Jakučionis,MIL,True,False,MIA 2027 second-round component right across 5 source assets,second_round,Development rebuild,development_rebuild,prioritize young controlled players and incoming draft value; avoid veteran-only upgrades,receive_future_assets,Defense,Shooting,Scoring,56.5,55.9,55.9,56.2,53.0,43.7,69.1,73.9,Strengths: improves projected contribution; improves downside protection; gets meaningfully younger. Structure: keeps player count neutral. Cautions: attaches a second round asset.,Clears the balanced shortlist standards but remains below the production bilateral-confidence threshold.,MIA sends Dru Smith + MIA 2027 second-round component right across 5 source assets to MIL; MIL sends Kasparas Jakučionis to MIA,routine_recommendation_review,final_legal_full_cba_deterministic,True,Team-specific strategy score,Deterministic legal under modeled package checks,"This is a model-generated concept, not evidence that either team or player is available."
mixed_trade_app_v1,MIL,1,1,MIXED_f7e88f2677d774a537ae,MIA:Dru Smith||MIL:Kasparas Jakučionis,Exploratory strategy shortlist,Passes the balanced shortlist screen but remains below the stricter production confidence threshold.,MIL receives Dru Smith from MIA plus a draft asset,Sends Kasparas Jakučionis to MIA. Receives a second-round asset.,Kasparas Jakučionis,Dru Smith,MIA,False,True,MIA 2027 second-round component right across 5 source assets,second_round,Flexible retool,flexible_retool,"favor balanced value, roster fit, and future flexibility without forcing a win-now or teardown objective",balanced_flexibility,Rebounding,Defense,Scoring,55.9,56.5,55.9,56.2,53.0,56.8,33.9,30.7,Strengths: receives a second round asset. Structure: keeps player count neutral. Cautions: reduces projected contribution; weakens downside protection; gets meaningfully older.,Clears the balanced shortlist standards but remains below the production bilateral-confidence threshold.,MIA sends Dru Smith + MIA 2027 second-round component right across 5 source assets to MIL; MIL sends Kasparas Jakučionis to MIA,routine_recommendation_review,final_legal_full_cba_deterministic,True,Team-specific strategy score,Deterministic legal under modeled package checks,"This is a model-generated concept, not evidence that either team or player is available."
mixed_trade_app_v1,OKC,1,1,MIXED_5606286a68896609c176,MIA:Nikola Jović||OKC:Alex Caruso,Exploratory strategy shortlist,Passes the balanced shortlist screen but remains below the stricter production confidence threshold.,OKC receives Nikola Jović from MIA,Sends Alex Caruso to MIA. Attaches a second-round asset.,Alex Caruso,Nikola Jović,MIA,True,False,OKC 2029 second-round component right across 2 source assets,second_round,Competitive builder,competitive_builder,balance present upgrades with contract control and avoid unnecessary first-round-pick expenditure,balanced_preserve_firsts,Rebounding,Shooting,Scoring,56.4,61.9,56.4,59.2,48.2,45.7,53.5,29.5,Strengths: gets meaningfully younger. Structure: keeps player count neutral. Cautions: attaches a second round asset; weakens downside protection; has only a marginal roster-fit score.,Clears the balanced shortlist standards but remains below the production bilateral-confidence threshold.,MIA sends Nikola Jović to OKC; OKC sends Alex Caruso + OKC 2029 second-round component right across 2 source assets to MIA,routine_recommendation_review,final_legal_full_cba_deterministic,True,Team-specific strategy score,Deterministic legal under modeled package checks,"This is a model-generated concept, not evidence that either team or player is available."
mixed_trade_app_v1,PHI,1,0,MIXED_bb00ac90748b54a988cb,BKN:Danny Wolf||PHI:Dominick Barlow,Model-backed trade concept,"Clears the stricter bilateral balance, utility, contribution, downside, and pick-risk standards.",PHI receives Danny Wolf from BKN,Sends Dominick Barlow to BKN. Attaches a second-round asset.,Dominick Barlow,Danny Wolf,BKN,True,False,PHI beneficiary transferred for 2029_R2_PHI,second_round,Win-now contender,win_now_contender,prioritize immediate rotation upgrades and consolidation; future picks may be attached only for clear present-value improvement,player_upgrade_over_pick_accumulation,Shooting,Rebounding,Defense,63.5,60.8,60.8,62.2,48.3,46.2,56.6,79.6,Strengths: improves projected contribution; improves downside protection. Structure: keeps player count neutral. Cautions: attaches a second round asset; has only a marginal roster-fit score.,"Clears the production bilateral score, balance, asset, contribution, downside, and pick-risk standards.",BKN sends Danny Wolf to PHI; PHI sends Dominick Barlow + PHI beneficiary transferred for 2029_R2_PHI to BKN,routine_recommendation_review,final_legal_full_cba_deterministic,True,Team-specific strategy score,Deterministic legal under modeled package checks,"This is a model-generated concept, not evidence that either team or player is available."
mixed_trade_app_v1,PHI,2,1,MIXED_18b92c4fc50f5322f9a9,BOS:Hugo González||PHI:Dominick Barlow,Exploratory strategy shortlist,Passes the balanced shortlist screen but remains below the stricter production confidence threshold.,PHI receives Hugo González from BOS,Sends Dominick Barlow to BOS. Attaches a second-round asset.,Dominick Barlow,Hugo González,BOS,True,False,PHI beneficiary transferred for 2029_R2_PHI,second_round,Win-now contender,win_now_contender,prioritize immediate rotation upgrades and consolidation; future picks may be attached only for clear present-value improvement,player_upgrade_over_pick_accumulation,Shooting,Rebounding,Defense,56.1,63.2,56.1,59.6,49.7,43.9,37.1,56.3,Strengths: improves downside protection; gets meaningfully younger. Structure: keeps player count neutral. Cautions: attaches a second round asset; reduces projected contribution; has only a marginal roster-fit score.,Clears the balanced shortlist standards but remains below the production bilateral-confidence threshold.,BOS sends Hugo González to PHI; PHI sends Dominick Barlow + PHI beneficiary transferred for 2029_R2_PHI to BOS,routine_recommendation_review,final_legal_full_cba_deterministic,True,Team-specific strategy score,Deterministic legal under modeled package checks,"This is a model-generated concept, not evidence that either team or player is available."
mixed_trade_app_v1,UTA,1,1,MIXED_b2366dbdb9e23f2083ca,DET:Daniss Jenkins||UTA:Isaiah Collier,Exploratory strategy shortlist,Passes the balanced shortlist screen but remains below the stricter production confidence threshold.,UTA receives Daniss Jenkins from DET plus a draft asset,Sends Isaiah Collier to DET. Receives a second-round asset.,Isaiah Collier,Daniss Jenkins,DET,False,True,DET beneficiary transferred for 2027_R2_DET,second_round,Development rebuild,development_rebuild,prioritize young controlled players and incoming draft value; avoid veteran-only upgrades,receive_future_assets,Playmaking,Defense,Rebounding,60.0,64.4,60.0,62.2,49.1,60.3,41.1,24.7,Strengths: receives a second round asset. Structure: keeps player count neutral. Cautions: weakens downside protection; gets meaningfully older; has only a marginal roster-fit score.,Clears the balanced shortlist standards but remains below the production bilateral-confidence threshold.,DET sends Daniss Jenkins + DET beneficiary transferred for 2027_R2_DET to UTA; UTA sends Isaiah Collier to DET,routine_plus_minor_assets_review,final_legal_full_cba_deterministic,True,Team-specific strategy score,Deterministic legal under modeled package checks,"This is a model-generated concept, not evidence that either team or player is available."
