app_data_contract_version,team_abbreviation,app_status_label,app_release_status,empty_state_message,app_has_recommendations,app_recommendation_rows,app_unique_concepts,app_production_rows,app_shortlist_rows,team_strategy_archetype_label,model_team_strategy_archetype,model_team_strategy_priority,model_pick_preference,top_need_1,top_need_2,top_need_3,strength_percentile_2026_27,projected_wins_2026_27,deterministic_legal_perspective_rows,routine_package_variants,unique_canonical_concepts,availability_disclaimer
mixed_trade_app_v1,ATL,No display-ready concept,concepts_held_from_display,"The model found legal concepts, but none cleared the calibrated display standards.",False,0,0,0,0,Win-now contender,win_now_contender,Prioritize immediate rotation upgrades and consolidation; future picks may be attached only for clear present-value improvement.,player_upgrade_over_pick_accumulation,Scoring,Rebounding,Shooting,83.33333333333334,48.38447518470639,386,1,1,Model-generated concepts do not imply real-world availability.
mixed_trade_app_v1,BKN,Model-backed trade concept available,production_recommendation_available,A model-backed mixed player-and-pick trade concept is available.,True,1,1,1,0,Development rebuild,development_rebuild,Prioritize young controlled players and incoming draft value; avoid veteran-only upgrades.,receive_future_assets,Shooting,Scoring,Playmaking,3.333333333333333,29.05733894343541,1720,2,2,Model-generated concepts do not imply real-world availability.
mixed_trade_app_v1,BOS,Strategy shortlist available,strategy_shortlist_available,One or more exploratory strategy concepts are available. These require additional team-context review.,True,1,1,0,1,Flexible retool,flexible_retool,"Favor balanced value, roster fit, and future flexibility without forcing a win-now or teardown objective.",balanced_flexibility,Scoring,Playmaking,Shooting,50.0,41.74847655707217,1310,8,4,Model-generated concepts do not imply real-world availability.
mixed_trade_app_v1,CHA,No deterministic-legal concept,no_deterministic_legal_pool_exposure,No deterministic-legal mixed player-and-pick package was available for this team in the modeled pool.,False,0,0,0,0,Competitive builder,competitive_builder,Balance present upgrades with contract control and avoid unnecessary first-round-pick expenditure.,balanced_preserve_firsts,Playmaking,Scoring,Defense,63.33333333333333,44.8915527893493,0,0,0,Model-generated concepts do not imply real-world availability.
mixed_trade_app_v1,CHI,Analyst review only,manual_context_review_only,"Legal concepts exist, but each requires analyst review before being shown as a recommendation.",False,0,0,0,0,Development rebuild,development_rebuild,Prioritize young controlled players and incoming draft value; avoid veteran-only upgrades.,receive_future_assets,Defense,Shooting,Playmaking,26.666666666666668,32.90721967447178,4599,19,10,Model-generated concepts do not imply real-world availability.
mixed_trade_app_v1,CLE,No strategy-ready concept,no_strategy_ready_routine_concepts,"No routine mixed player-and-pick concept survived the protection, quality, and strategy-readiness gates.",False,0,0,0,0,Win-now contender,win_now_contender,Prioritize immediate rotation upgrades and consolidation; future picks may be attached only for clear present-value improvement.,player_upgrade_over_pick_accumulation,Defense,Rebounding,Shooting,90.0,49.23622302580034,249,0,0,Model-generated concepts do not imply real-world availability.
mixed_trade_app_v1,DAL,Strategy shortlist available,strategy_shortlist_available,One or more exploratory strategy concepts are available. These require additional team-context review.,True,1,1,0,1,Development rebuild,development_rebuild,Prioritize young controlled players and incoming draft value; avoid veteran-only upgrades.,receive_future_assets,Scoring,Shooting,Playmaking,23.33333333333333,32.47238374227425,591,6,5,Model-generated concepts do not imply real-world availability.
mixed_trade_app_v1,DEN,Strategy shortlist available,strategy_shortlist_available,One or more exploratory strategy concepts are available. These require additional team-context review.,True,1,1,0,1,Competitive builder,competitive_builder,Balance present upgrades with contract control and avoid unnecessary first-round-pick expenditure.,balanced_preserve_firsts,Defense,Rebounding,Playmaking,73.33333333333333,46.465144544257,501,2,2,Model-generated concepts do not imply real-world availability.
mixed_trade_app_v1,DET,Strategy shortlist available,strategy_shortlist_available,One or more exploratory strategy concepts are available. These require additional team-context review.,True,1,1,0,1,Win-now contender,win_now_contender,Prioritize immediate rotation upgrades and consolidation; future picks may be attached only for clear present-value improvement.,player_upgrade_over_pick_accumulation,Rebounding,Playmaking,Scoring,80.0,47.13663538745276,4312,15,8,Model-generated concepts do not imply real-world availability.
mixed_trade_app_v1,GSW,No strategy-ready concept,no_strategy_ready_routine_concepts,"No routine mixed player-and-pick concept survived the protection, quality, and strategy-readiness gates.",False,0,0,0,0,Development rebuild,development_rebuild,Prioritize young controlled players and incoming draft value; avoid veteran-only upgrades.,receive_future_assets,Rebounding,Shooting,Scoring,6.666666666666667,29.39175718320139,254,0,0,Model-generated concepts do not imply real-world availability.
mixed_trade_app_v1,HOU,No strategy-ready concept,no_strategy_ready_routine_concepts,"No routine mixed player-and-pick concept survived the protection, quality, and strategy-readiness gates.",False,0,0,0,0,Competitive builder,competitive_builder,Balance present upgrades with contract control and avoid unnecessary first-round-pick expenditure.,balanced_preserve_firsts,Scoring,Shooting,Playmaking,66.66666666666666,44.64104980609485,676,0,0,Model-generated concepts do not imply real-world availability.
mixed_trade_app_v1,IND,No deterministic-legal concept,no_deterministic_legal_pool_exposure,No deterministic-legal mixed player-and-pick package was available for this team in the modeled pool.,False,0,0,0,0,Development rebuild,development_rebuild,Prioritize young controlled players and incoming draft value; avoid veteran-only upgrades.,receive_future_assets,Defense,Shooting,Scoring,10.0,29.872298807329084,0,0,0,Model-generated concepts do not imply real-world availability.
mixed_trade_app_v1,LAC,No display-ready concept,concepts_held_from_display,"The model found legal concepts, but none cleared the calibrated display standards.",False,0,0,0,0,Development rebuild,development_rebuild,Prioritize young controlled players and incoming draft value; avoid veteran-only upgrades.,receive_future_assets,Rebounding,Scoring,Playmaking,20.0,31.98938629638972,1438,3,1,Model-generated concepts do not imply real-world availability.
mixed_trade_app_v1,LAL,No deterministic-legal concept,no_deterministic_legal_pool_exposure,No deterministic-legal mixed player-and-pick package was available for this team in the modeled pool.,False,0,0,0,0,Ascending retool,ascending_retool,Favor timeline-compatible players and preserve premium future assets.,preserve_firsts_add_young_players,Rebounding,Playmaking,Defense,40.0,39.65872531259876,0,0,0,Model-generated concepts do not imply real-world availability.
mixed_trade_app_v1,MEM,No deterministic-legal concept,no_deterministic_legal_pool_exposure,No deterministic-legal mixed player-and-pick package was available for this team in the modeled pool.,False,0,0,0,0,Development rebuild,development_rebuild,Prioritize young controlled players and incoming draft value; avoid veteran-only upgrades.,receive_future_assets,Rebounding,Playmaking,Defense,13.333333333333334,30.263292038040703,0,0,0,Model-generated concepts do not imply real-world availability.
mixed_trade_app_v1,MIA,Strategy shortlist available,strategy_shortlist_available,One or more exploratory strategy concepts are available. These require additional team-context review.,True,2,2,0,2,Development rebuild,development_rebuild,Prioritize young controlled players and incoming draft value; avoid veteran-only upgrades.,receive_future_assets,Defense,Shooting,Scoring,33.33333333333333,36.66999651423035,1389,10,7,Model-generated concepts do not imply real-world availability.
mixed_trade_app_v1,MIL,Strategy shortlist available,strategy_shortlist_available,One or more exploratory strategy concepts are available. These require additional team-context review.,True,1,1,0,1,Flexible retool,flexible_retool,"Favor balanced value, roster fit, and future flexibility without forcing a win-now or teardown objective.",balanced_flexibility,Rebounding,Defense,Scoring,46.66666666666666,40.89089943425393,1717,1,1,Model-generated concepts do not imply real-world availability.
mixed_trade_app_v1,MIN,No deterministic-legal concept,no_deterministic_legal_pool_exposure,No deterministic-legal mixed player-and-pick package was available for this team in the modeled pool.,False,0,0,0,0,Ascending retool,ascending_retool,Favor timeline-compatible players and preserve premium future assets.,preserve_firsts_add_young_players,Rebounding,Playmaking,Defense,43.333333333333336,40.73133319314549,0,0,0,Model-generated concepts do not imply real-world availability.
mixed_trade_app_v1,NOP,Analyst review only,manual_context_review_only,"Legal concepts exist, but each requires analyst review before being shown as a recommendation.",False,0,0,0,0,Competitive builder,competitive_builder,Balance present upgrades with contract control and avoid unnecessary first-round-pick expenditure.,balanced_preserve_firsts,Shooting,Playmaking,Defense,60.0,43.05697281656481,2408,4,2,Model-generated concepts do not imply real-world availability.
mixed_trade_app_v1,NYK,No strategy-ready concept,no_strategy_ready_routine_concepts,"No routine mixed player-and-pick concept survived the protection, quality, and strategy-readiness gates.",False,0,0,0,0,Win-now contender,win_now_contender,Prioritize immediate rotation upgrades and consolidation; future picks may be attached only for clear present-value improvement.,player_upgrade_over_pick_accumulation,Rebounding,Scoring,Defense,86.66666666666667,48.89357652054049,330,0,0,Model-generated concepts do not imply real-world availability.
mixed_trade_app_v1,OKC,Strategy shortlist available,strategy_shortlist_available,One or more exploratory strategy concepts are available. These require additional team-context review.,True,1,1,0,1,Competitive builder,competitive_builder,Balance present upgrades with contract control and avoid unnecessary first-round-pick expenditure.,balanced_preserve_firsts,Rebounding,Shooting,Scoring,70.0,44.5126362189534,579,5,2,Model-generated concepts do not imply real-world availability.
mixed_trade_app_v1,ORL,Analyst review only,manual_context_review_only,"Legal concepts exist, but each requires analyst review before being shown as a recommendation.",False,0,0,0,0,Win-now contender,win_now_contender,Prioritize immediate rotation upgrades and consolidation; future picks may be attached only for clear present-value improvement.,player_upgrade_over_pick_accumulation,Shooting,Scoring,Playmaking,93.33333333333331,51.09716839000636,967,2,2,Model-generated concepts do not imply real-world availability.
mixed_trade_app_v1,PHI,Model-backed trade concept available,production_recommendation_available,A model-backed mixed player-and-pick trade concept is available.,True,2,2,1,1,Win-now contender,win_now_contender,Prioritize immediate rotation upgrades and consolidation; future picks may be attached only for clear present-value improvement.,player_upgrade_over_pick_accumulation,Shooting,Rebounding,Defense,100.0,53.70673734206984,609,7,6,Model-generated concepts do not imply real-world availability.
mixed_trade_app_v1,PHX,No display-ready concept,concepts_held_from_display,"The model found legal concepts, but none cleared the calibrated display standards.",False,0,0,0,0,Win-now contender,win_now_contender,Prioritize immediate rotation upgrades and consolidation; future picks may be attached only for clear present-value improvement.,player_upgrade_over_pick_accumulation,Scoring,Shooting,Rebounding,76.66666666666667,46.8667803198404,460,2,1,Model-generated concepts do not imply real-world availability.
mixed_trade_app_v1,POR,Analyst review only,manual_context_review_only,"Legal concepts exist, but each requires analyst review before being shown as a recommendation.",False,0,0,0,0,Competitive builder,competitive_builder,Balance present upgrades with contract control and avoid unnecessary first-round-pick expenditure.,balanced_preserve_firsts,Playmaking,Defense,Shooting,56.66666666666666,42.973123413971095,624,3,1,Model-generated concepts do not imply real-world availability.
mixed_trade_app_v1,SAC,No strategy-ready concept,no_strategy_ready_routine_concepts,"No routine mixed player-and-pick concept survived the protection, quality, and strategy-readiness gates.",False,0,0,0,0,Development rebuild,development_rebuild,Prioritize young controlled players and incoming draft value; avoid veteran-only upgrades.,receive_future_assets,Playmaking,Defense,Shooting,16.666666666666664,31.669590037779184,1066,0,0,Model-generated concepts do not imply real-world availability.
mixed_trade_app_v1,SAS,No deterministic-legal concept,no_deterministic_legal_pool_exposure,No deterministic-legal mixed player-and-pick package was available for this team in the modeled pool.,False,0,0,0,0,Win-now contender,win_now_contender,Prioritize immediate rotation upgrades and consolidation; future picks may be attached only for clear present-value improvement.,player_upgrade_over_pick_accumulation,Shooting,Rebounding,Playmaking,96.66666666666669,53.10380255392956,0,0,0,Model-generated concepts do not imply real-world availability.
mixed_trade_app_v1,TOR,Analyst review only,manual_context_review_only,"Legal concepts exist, but each requires analyst review before being shown as a recommendation.",False,0,0,0,0,Flexible retool,flexible_retool,"Favor balanced value, roster fit, and future flexibility without forcing a win-now or teardown objective.",balanced_flexibility,Scoring,Shooting,Rebounding,53.333333333333336,41.91087200440705,1932,2,1,Model-generated concepts do not imply real-world availability.
mixed_trade_app_v1,UTA,Strategy shortlist available,strategy_shortlist_available,One or more exploratory strategy concepts are available. These require additional team-context review.,True,1,1,0,1,Development rebuild,development_rebuild,Prioritize young controlled players and incoming draft value; avoid veteran-only upgrades.,receive_future_assets,Playmaking,Defense,Rebounding,36.66666666666666,38.27425646966114,3170,8,5,Model-generated concepts do not imply real-world availability.
mixed_trade_app_v1,WAS,Analyst review only,manual_context_review_only,"Legal concepts exist, but each requires analyst review before being shown as a recommendation.",False,0,0,0,0,Development rebuild,development_rebuild,Prioritize young controlled players and incoming draft value; avoid veteran-only upgrades.,receive_future_assets,Shooting,Defense,Scoring,30.0,36.45355467698409,3635,12,7,Model-generated concepts do not imply real-world availability.
