file,label,provider,license,source_page,source_image,photo_id,style_bucket,ai_generated,sha256
pexels_basketball_20615464.jpg,"Basketball portrait, black background",Pexels,Pexels License,https://www.pexels.com/photo/20615464/,https://images.pexels.com/photos/20615464/pexels-photo-20615464.jpeg?auto=compress&cs=tinysrgb&w=900,20615464,normal,NO,778b7831575678ba9fc7d1ae1ab207abb7bea3e96f7b6aba8664a55ed4d55af3
pexels_basketball_4719847.jpg,Spinning basketball on finger,Pexels,Pexels License,https://www.pexels.com/photo/4719847/,https://images.pexels.com/photos/4719847/pexels-photo-4719847.jpeg?auto=compress&cs=tinysrgb&w=900,4719847,goofy,NO,04142cc322868fa946900b8d55bbb5f01c746569b750aab9f55cbec0d5023809
pexels_basketball_30129992.jpg,Basketball player with sunglasses,Pexels,Pexels License,https://www.pexels.com/photo/30129992/,https://images.pexels.com/photos/30129992/pexels-photo-30129992.jpeg?auto=compress&cs=tinysrgb&w=900,30129992,goofy,NO,7a81fd7fe0322cd28beea8669ebc46b97172bf48e40f5a5bd2f75a54f376f6d5
pexels_basketball_16933611.jpg,Young man playing outdoors,Pexels,Pexels License,https://www.pexels.com/photo/16933611/,https://images.pexels.com/photos/16933611/pexels-photo-16933611.jpeg?auto=compress&cs=tinysrgb&w=900,16933611,normal,NO,652d60fa2625d5a48fd0dfbc0b5d62e40620d76135d677a9ebc99978c288842e
pexels_basketball_37918084.jpg,Outdoor dribbling portrait,Pexels,Pexels License,https://www.pexels.com/photo/37918084/,https://images.pexels.com/photos/37918084/pexels-photo-37918084.jpeg?auto=compress&cs=tinysrgb&w=900,37918084,normal,NO,67c482f827172339c9eb0af81c0bff70e3876fcae7438f584baab5f86d3a62cf
pexels_basketball_32600307.jpg,Summer outdoor basketball,Pexels,Pexels License,https://www.pexels.com/photo/32600307/,https://images.pexels.com/photos/32600307/pexels-photo-32600307.jpeg?auto=compress&cs=tinysrgb&w=900,32600307,normal,NO,9d00a6c6c4073652294c5c04a652be31c3cbbc790428f68efb1ba2be542d5e7f
pexels_basketball_32759162.jpg,Red jersey outdoor player,Pexels,Pexels License,https://www.pexels.com/photo/32759162/,https://images.pexels.com/photos/32759162/pexels-photo-32759162.jpeg?auto=compress&cs=tinysrgb&w=900,32759162,normal,NO,cd4db8973cb1bf3ae8e5b6824357f006cf27b1a61d8a2cba28a0f47a886d2ca6
pexels_basketball_32619158.jpg,Outdoor dribbling player,Pexels,Pexels License,https://www.pexels.com/photo/32619158/,https://images.pexels.com/photos/32619158/pexels-photo-32619158.jpeg?auto=compress&cs=tinysrgb&w=900,32619158,normal,NO,00b9e7caca3518e33f940c4df3e68b9a9990c0828b871a7c0ed9d9f77cdf60da
pexels_basketball_36641922.jpg,Balancing basketball with foot,Pexels,Pexels License,https://www.pexels.com/photo/36641922/,https://images.pexels.com/photos/36641922/pexels-photo-36641922.jpeg?auto=compress&cs=tinysrgb&w=900,36641922,goofy,NO,006cc3c31b6f2433db18ebad38eef9c1022218ef1f2b86ff060449a11966b6eb
pexels_basketball_18095750.jpg,Tying shoes on basketball court,Pexels,Pexels License,https://www.pexels.com/photo/18095750/,https://images.pexels.com/photos/18095750/pexels-photo-18095750.jpeg?auto=compress&cs=tinysrgb&w=900,18095750,goofy,NO,5d71b3207a90e3eceb0eb79fcdacffc15ea33a810b9fc1a0a9e86b119017e8bf
pexels_basketball_36876464.jpg,Glasses and basketball on court,Pexels,Pexels License,https://www.pexels.com/photo/36876464/,https://images.pexels.com/photos/36876464/pexels-photo-36876464.jpeg?auto=compress&cs=tinysrgb&w=900,36876464,goofy,NO,ee69c845c6ccf984dbbbbe67b9253e095b90f45b7cdca0306b7cb2dfcf29bc3b
pexels_basketball_3212755.jpg,Stylish crouching court pose,Pexels,Pexels License,https://www.pexels.com/photo/3212755/,https://images.pexels.com/photos/3212755/pexels-photo-3212755.jpeg?auto=compress&cs=tinysrgb&w=900,3212755,goofy,NO,ca8ee4be8cc1b0d8a2322e4f693ab1c2fb8de085555fa122629ed7ab1a47a4ca
pexels_basketball_8980782.jpg,Man holding basketball,Pexels,Pexels License,https://www.pexels.com/photo/8980782/,https://images.pexels.com/photos/8980782/pexels-photo-8980782.jpeg?auto=compress&cs=tinysrgb&w=900,8980782,normal,NO,e9891a7ccaaee0d380a97308f9e46cd0806a56a3c5cda25fba76568045779707
pexels_basketball_15670134.jpg,Outdoor basketball player,Pexels,Pexels License,https://www.pexels.com/photo/15670134/,https://images.pexels.com/photos/15670134/pexels-photo-15670134.jpeg?auto=compress&cs=tinysrgb&w=900,15670134,normal,NO,f7ded7c88b88d0d1c8c9c49fc3136222c18d797b391e4404b84cbfffde342452
pexels_basketball_13472099.jpg,Bucket-hat basketball portrait,Pexels,Pexels License,https://www.pexels.com/photo/13472099/,https://images.pexels.com/photos/13472099/pexels-photo-13472099.jpeg?auto=compress&cs=tinysrgb&w=900,13472099,goofy,NO,11c691f6fda1c96a1572120bc370351d7148535b73e315330200221149cbba9a
pexels_basketball_13085462.jpg,Red-jacket court fashion pose,Pexels,Pexels License,https://www.pexels.com/photo/13085462/,https://images.pexels.com/photos/13085462/pexels-photo-13085462.jpeg?auto=compress&cs=tinysrgb&w=900,13085462,goofy,NO,b00a672fc55dcce2275f81c601503ab670b4a5688dc92dddfa74ffaf392a1c7c
pexels_basketball_33437740.jpg,Outdoor player with basketball,Pexels,Pexels License,https://www.pexels.com/photo/33437740/,https://images.pexels.com/photos/33437740/pexels-photo-33437740.jpeg?auto=compress&cs=tinysrgb&w=900,33437740,normal,NO,6bbaf13bb25ef475e8727ee5e5379ed55763a54668a9a2a6194495911a272043
pexels_basketball_16495737.jpg,Shirtless black-and-white court pose,Pexels,Pexels License,https://www.pexels.com/photo/16495737/,https://images.pexels.com/photos/16495737/pexels-photo-16495737.jpeg?auto=compress&cs=tinysrgb&w=900,16495737,goofy,NO,c9f1303b4288e48387d2e189b147144d6ffc87c92bb103041c5d6d9068868c52
pexels_basketball_5132948.jpg,Glasses near outdoor basketball court,Pexels,Pexels License,https://www.pexels.com/photo/5132948/,https://images.pexels.com/photos/5132948/pexels-photo-5132948.jpeg?auto=compress&cs=tinysrgb&w=900,5132948,goofy,NO,65a46ff6105f7a53ec9e3f92c9a03c4a7a04665673810a7bb9f57149ba07948a
pexels_basketball_18122802.jpg,Thoughtful man on basketball court,Pexels,Pexels License,https://www.pexels.com/photo/18122802/,https://images.pexels.com/photos/18122802/pexels-photo-18122802.jpeg?auto=compress&cs=tinysrgb&w=900,18122802,goofy,NO,25c78c0587af5412bfc7ecf78be206453873103179c7424cc02eb476f7968f8b
pexels_basketball_10476654.jpg,Bearded man holding basketball,Pexels,Pexels License,https://www.pexels.com/photo/10476654/,https://images.pexels.com/photos/10476654/pexels-photo-10476654.jpeg?auto=compress&cs=tinysrgb&w=900,10476654,normal,NO,3d0db0f567d45dc7679163680a4f9562510aa95e16ecce788f7e6837ad8b31be
pexels_basketball_18078520.jpg,Low-angle outdoor dunk,Pexels,Pexels License,https://www.pexels.com/photo/18078520/,https://images.pexels.com/photos/18078520/pexels-photo-18078520.jpeg?auto=compress&cs=tinysrgb&w=900,18078520,normal,NO,9633833a3fa88899878bccd1d32b56be9aeded6be4bef06559a11934f997c5ea
pexels_basketball_13939473.jpg,Crouching jersey basketball pose,Pexels,Pexels License,https://www.pexels.com/photo/13939473/,https://images.pexels.com/photos/13939473/pexels-photo-13939473.jpeg?auto=compress&cs=tinysrgb&w=900,13939473,goofy,NO,af082d08f669c31a933cbe336a1b0fc7f44cd7d662a55ed3ad273f46c8852789
pexels_basketball_36876462.jpg,Sunglasses holding basketball,Pexels,Pexels License,https://www.pexels.com/photo/36876462/,https://images.pexels.com/photos/36876462/pexels-photo-36876462.jpeg?auto=compress&cs=tinysrgb&w=900,36876462,goofy,NO,ee258703b837438a5c898f092b3eb0b2b51e6a986e53bb158eccb83c15266776
pexels_basketball_8979932.jpg,Bearded player preparing to shoot,Pexels,Pexels License,https://www.pexels.com/photo/8979932/,https://images.pexels.com/photos/8979932/pexels-photo-8979932.jpeg?auto=compress&cs=tinysrgb&w=900,8979932,normal,NO,e1e797d0f402a57d968e7135d3fb19cc3371c2bd77dc9aac1b98b28d6834e335
pexels_basketball_36876463.jpg,Outdoor basketball shooting pose,Pexels,Pexels License,https://www.pexels.com/photo/36876463/,https://images.pexels.com/photos/36876463/pexels-photo-36876463.jpeg?auto=compress&cs=tinysrgb&w=900,36876463,normal,NO,f7713c70ae669f497f60d7845de3dfe0c7f9a2c60a029a3f2566def7a5a0a16a
pexels_basketball_29594095.jpg,Winter coat on basketball court,Pexels,Pexels License,https://www.pexels.com/photo/29594095/,https://images.pexels.com/photos/29594095/pexels-photo-29594095.jpeg?auto=compress&cs=tinysrgb&w=900,29594095,goofy,NO,349759821bf3bce285aa1e7ab5e889842037ffd7f7cbcf71029b03c5c91fbd9c
pexels_basketball_8672861.jpg,Green-shirt basketball jump,Pexels,Pexels License,https://www.pexels.com/photo/8672861/,https://images.pexels.com/photos/8672861/pexels-photo-8672861.jpeg?auto=compress&cs=tinysrgb&w=900,8672861,normal,NO,59142851964e035f4a9b72d43219f004490157034abb3ffc7fa7d8a9da3d0b36
pexels_basketball_32036155.jpg,Bald player preparing to shoot,Pexels,Pexels License,https://www.pexels.com/photo/32036155/,https://images.pexels.com/photos/32036155/pexels-photo-32036155.jpeg?auto=compress&cs=tinysrgb&w=900,32036155,normal,NO,a1e1cd10d8fbe1feabbcbe9caf0580e6919e1b2774539376c2a2dcdc3ce08792
pexels_basketball_8693712.jpg,Dribbling on outdoor court,Pexels,Pexels License,https://www.pexels.com/photo/8693712/,https://images.pexels.com/photos/8693712/pexels-photo-8693712.jpeg?auto=compress&cs=tinysrgb&w=900,8693712,normal,NO,0941200b3d3a783c128319b5cb01bd6b005c364038d304049dd0e15b22264306
pexels_basketball_19388498.jpg,Neighborhood basketball court portrait,Pexels,Pexels License,https://www.pexels.com/photo/19388498/,https://images.pexels.com/photos/19388498/pexels-photo-19388498.jpeg?auto=compress&cs=tinysrgb&w=900,19388498,normal,NO,2e600a098758ba125499d5ad6508fa974f271134dd509311eddd3f67434bad41
pexels_basketball_35151594.jpg,Urban basketball court player,Pexels,Pexels License,https://www.pexels.com/photo/35151594/,https://images.pexels.com/photos/35151594/pexels-photo-35151594.jpeg?auto=compress&cs=tinysrgb&w=900,35151594,normal,NO,ddd761bdfb984f438afcd753051b8c941850ecb313e9e20bd8db66ebf4888a91
pexels_basketball_8980808.jpg,Bearded basketball portrait,Pexels,Pexels License,https://www.pexels.com/photo/8980808/,https://images.pexels.com/photos/8980808/pexels-photo-8980808.jpeg?auto=compress&cs=tinysrgb&w=900,8980808,normal,NO,63f00c82a20a04d7d0abc49b45a467d4bacf15d35a0cbe665acbc6e4fe9f4536
pexels_basketball_15046947.jpg,Smiling curly-haired player,Pexels,Pexels License,https://www.pexels.com/photo/15046947/,https://images.pexels.com/photos/15046947/pexels-photo-15046947.jpeg?auto=compress&cs=tinysrgb&w=900,15046947,goofy,NO,05f55e46b81e9cbfeaa31d2bfb6cdc9dc85e0b74965316d9c5ab973a779cd793
pexels_basketball_33566132.jpg,Hat and jersey basketball pose,Pexels,Pexels License,https://www.pexels.com/photo/33566132/,https://images.pexels.com/photos/33566132/pexels-photo-33566132.jpeg?auto=compress&cs=tinysrgb&w=900,33566132,goofy,NO,d2d578f90a7660cef93c804ca882770da02d219643c47cf71e421cb4a6831b2b
pexels_basketball_8114240.jpg,Standing under basketball hoop,Pexels,Pexels License,https://www.pexels.com/photo/8114240/,https://images.pexels.com/photos/8114240/pexels-photo-8114240.jpeg?auto=compress&cs=tinysrgb&w=900,8114240,goofy,NO,2bcb6cdf230cb3312d828157904c2059a7ed39e81623420b8be8213fe5369156
pexels_basketball_20622764.jpg,Shirtless towel-and-sunglasses court pose,Pexels,Pexels License,https://www.pexels.com/photo/20622764/,https://images.pexels.com/photos/20622764/pexels-photo-20622764.jpeg?auto=compress&cs=tinysrgb&w=900,20622764,goofy,NO,72f2b542bbc7d98dbb7a1b0aea89d82a349592c945a1f3bbbb4117652f017498
pexels_basketball_20097549.jpg,Streetwear and sunglasses basketball court,Pexels,Pexels License,https://www.pexels.com/photo/20097549/,https://images.pexels.com/photos/20097549/pexels-photo-20097549.jpeg?auto=compress&cs=tinysrgb&w=900,20097549,goofy,NO,3f18c5e43f49e04b4005ae771b2943774245b437e671bff45752cd0b81023149
